{"recon_loss":0.00010107926209457219,"kl_loss":0.04248838126659393,"step":59,"_timestamp":1.739552410505561e+09,"_runtime":15.388180087,"_step":64,"_wandb":{"runtime":15},"latent":{"captions":["Mu Step 8","Mu Step 8","Mu Step 8"],"_type":"images/separated","width":24,"height":24,"format":"png","count":3,"filenames":["media/images/latent_58_75b4ddf035f8be88811c.png","media/images/latent_58_00c03f3b32c5d8aa5ef4.png","media/images/latent_58_3d31177a8b3acb005aaf.png"]},"loss":0.00014356765314005315}