{"_runtime":31.466270598,"_step":1009,"step":999,"loss":0.24901337921619415,"_timestamp":1.7395489381802235e+09,"latent":{"captions":["Mu Step 900","Mu Step 900","Mu Step 900"],"_type":"images/separated","width":24,"height":24,"format":"png","count":3,"filenames":["media/images/latent_910_085e9be6b9b7f4ad9798.png","media/images/latent_910_2d6232ee3697f7bcd742.png","media/images/latent_910_a3ee8473e3927bb394f1.png"]},"_wandb":{"runtime":31}}