{"recon_loss":0.10026608407497406,"kl_loss":0.20201121270656586,"_timestamp":1.7395674626379645e+09,"_runtime":16.808279236,"_step":29,"step":29,"_wandb":{"runtime":16},"loss":0.102286197245121}