{"loss":0.0001005398080451414,"_timestamp":1.739549698948497e+09,"latent":{"_type":"images/separated","width":24,"height":24,"format":"png","count":3,"filenames":["media/images/latent_910_085e9be6b9b7f4ad9798.png","media/images/latent_910_2d6232ee3697f7bcd742.png","media/images/latent_910_a3ee8473e3927bb394f1.png"],"captions":["Mu Step 900","Mu Step 900","Mu Step 900"]},"_wandb":{"runtime":26},"_runtime":26.738955849,"_step":1009,"step":999}