{"loss":0.1022825762629509,"recon_loss":0.10026274621486664,"kl_loss":0.2019830197095871,"_timestamp":1.7395680650345066e+09,"_wandb":{"runtime":14},"_runtime":14.140848168,"_step":29,"step":29}