{"model_grad_norm":11.233760833740234,"rep_loss":1.3953125476837158,"_wandb":{"runtime":594},"rep_scale":0.1,"wmloss":0,"max_reward":-11.473040580749512,"_step":4449,"dyn_scale":0.5,"kl":1.3953125476837158,"kl_free":1,"cont_loss":0.4679757356643677,"reward_loss":5.538422584533691,"wrkloss":0,"goalloss":0,"simsr_loss":0.7614131569862366,"min_reward":-16.23786735534668,"model_loss":8.870863914489746,"_timestamp":1.7453911380110126e+09,"dyn_loss":1.3953125476837158,"prior_ent":43.623443603515625,"post_ent":43.568992614746094,"mbr_loss":1.2658649682998657,"mgrloss":0,"_runtime":593.285196935,"Manager loss":-0.32294824719429016}