{"_timestamp":1.7395683977189462e+09,"_runtime":13.35107236,"_step":29,"step":29,"_wandb":{"runtime":13},"loss":0.1022825762629509,"recon_loss":0.10026274621486664,"kl_loss":0.2019830048084259}