{"step":0,"loss":1.2456859350204468,"_timestamp":1.739543139570541e+09,"_runtime":21.807939936,"_step":0,"_wandb":{"runtime":29}}