{"_wandb":{"runtime":41},"kl_loss":0.1666693389415741,"_timestamp":1.7395682682708077e+09,"recon_loss":9.771159966476262e-05,"_step":1219,"_runtime":41.079433258,"step":1199,"3D Scatter Plot":{"size":5918199,"path":"media/plotly/3D Scatter Plot_1189_9256b8b257e6611d75c5.plotly.json","_type":"plotly-file","sha256":"9256b8b257e6611d75c567ceb71db2346938d70010a6f561971b9f9551068a9e"},"loss":0.0017644049366936088}