{"loss":0.0004313931567594409,"latent":{"format":"png","count":3,"filenames":["media/images/latent_123_39a6ebf410020478dbb7.png","media/images/latent_123_1e067a20ab3eb3262b0f.png","media/images/latent_123_9d4a6f4c12c3a2bc0a29.png"],"captions":["Mu Step 18","Mu Step 18","Mu Step 18"],"_type":"images/separated","width":24,"height":24},"_wandb":{"runtime":19},"recon_loss":0.00023591653734911233,"_step":129,"sum energy":{"format":"png","count":3,"filenames":["media/images/sum energy_123_15446ab53b1f2efaaaf8.png","media/images/sum energy_123_fa9f15c14aad6347450c.png","media/images/sum energy_123_29bc2a821523934ec352.png"],"captions":["sum map Step 18","sum map Step 18","sum map Step 18"],"_type":"images/separated","width":24,"height":24},"_timestamp":1.739552800061594e+09,"step":119,"kl_loss":0.019547661766409874,"_runtime":19.842306523}