{"_step":1009,"latent":{"captions":["Mu Step 900","Mu Step 900","Mu Step 900"],"_type":"images/separated","width":24,"height":24,"format":"png","count":3,"filenames":["media/images/latent_910_726a9de83d85a9abd008.png","media/images/latent_910_eea361b4c6963b64b960.png","media/images/latent_910_893ce0574d2f84c5aa53.png"]},"_wandb":{"runtime":29},"step":999,"loss":9.66431713104248,"_timestamp":1.7395486614757485e+09,"_runtime":29.26555985}