{"recon_loss":0.00015098138828761876,"kl_loss":0.16712795197963715,"_timestamp":1.7395679055502234e+09,"_runtime":18.121535047,"_step":412,"_wandb":{"runtime":18},"step":412,"loss":0.001822260906919837}