{"_timestamp":1.74538864983153e+09,"mgrloss":1.1069891452789307,"Manager loss":3.185152530670166,"_runtime":22.03255517,"_step":29,"wmloss":0,"goalloss":0,"wrkloss":0,"_wandb":{"runtime":22}}