{"_timestamp":1.7395484962466884e+09,"latent":{"_type":"images/separated","width":24,"height":24,"format":"png","count":3,"filenames":["media/images/latent_910_726a9de83d85a9abd008.png","media/images/latent_910_eea361b4c6963b64b960.png","media/images/latent_910_893ce0574d2f84c5aa53.png"],"captions":["Mu Step 900","Mu Step 900","Mu Step 900"]},"_wandb":{"runtime":31},"_runtime":31.034277448,"_step":1009,"step":999,"loss":9.66431713104248}