{"kl_loss":0.00024895710521377623,"_timestamp":1.739552028112825e+09,"_runtime":11.600692396,"_wandb":{"runtime":11},"_step":5,"step":5,"loss":0.23630623519420624,"recon_loss":0.23630598187446594}