{"_step":446,"step":441,"loss":0.24901612102985382,"latent":{"count":3,"filenames":["media/images/latent_405_5c23a88f37c62eccd0bb.png","media/images/latent_405_e002856570e1ab69a3e0.png","media/images/latent_405_10bfb0f49442dcd0901a.png"],"captions":["Mu Step 400","Mu Step 400","Mu Step 400"],"_type":"images/separated","width":24,"height":24,"format":"png"},"_wandb":{"runtime":20},"_timestamp":1.739550100491876e+09,"_runtime":20.482191692}