{"_runtime":34.334978554,"_wandb":{"runtime":34},"kl_loss":0.1666693538427353,"recon_loss":9.771143231773749e-05,"sum reconstructed energy":{"height":24,"format":"png","count":3,"filenames":["media/images/sum reconstructed energy_1209_7712d0b32f17dd50c738.png","media/images/sum reconstructed energy_1209_e9fdcee6fb1540c7d8a0.png","media/images/sum reconstructed energy_1209_4f3ff60e3577575ec9b4.png"],"captions":["sum map Step 38","sum map Step 38","sum map Step 38"],"_type":"images/separated","width":16},"sum energy":{"captions":["sum rec map Step 38","sum rec map Step 38","sum rec map Step 38"],"_type":"images/separated","width":16,"height":24,"format":"png","count":3,"filenames":["media/images/sum energy_1209_7712d0b32f17dd50c738.png","media/images/sum energy_1209_e9fdcee6fb1540c7d8a0.png","media/images/sum energy_1209_4f3ff60e3577575ec9b4.png"]},"_timestamp":1.739568914370209e+09,"loss":0.0017644049366936088,"_step":1239,"step":1199,"3D Scatter Plot":{"sha256":"43d02abbc1d15f637c6c4bde1087340f6a5412f25876a687ed23534741115d71","size":8274,"path":"media/plotly/3D Scatter Plot_1208_43d02abbc1d15f637c6c.plotly.json","_type":"plotly-file"}}