{"kl_loss":0.20201115310192108,"step":29,"_timestamp":1.7395676594363866e+09,"_step":30,"loss":0.1022869348526001,"recon_loss":0.10026682168245316,"_wandb":{"runtime":13},"_runtime":13.988996762,"Latent Space 3D":{"sha256":"faa5afb453a33a68254ebb10124c17a4b81d781bdb4811dda5d8057c24bba1d6","size":98,"path":"media/object3D/Latent Space 3D_30_faa5afb453a33a68254e.obj","_type":"object3D-file"}}