{"kl_loss":0.16666936874389648,"loss":0.001764412852935493,"recon_loss":9.771912300493568e-05,"step":1199,"Latent Space 3D":{"_type":"object3D-file","sha256":"faa5afb453a33a68254ebb10124c17a4b81d781bdb4811dda5d8057c24bba1d6","size":98,"path":"media/object3D/Latent Space 3D_1189_faa5afb453a33a68254e.obj"},"_runtime":32.048754927,"_step":1219,"_timestamp":1.7395677491728308e+09,"_wandb":{"runtime":32}}