{"_timestamp":1.7395527039471111e+09,"_runtime":13.880586562,"_step":5,"step":5,"_wandb":{"runtime":14},"loss":0.2363852858543396,"recon_loss":0.23638296127319336,"kl_loss":0.00023314682766795158}