{"latent":{"format":"png","count":5,"filenames":["media/images/latent_910_6e8260418210f58295c0.png","media/images/latent_910_57befcaf0454f5bedbf0.png","media/images/latent_910_b0a77d9b5b0051d2b2ba.png","media/images/latent_910_72fa0bcdf8accfdfde39.png","media/images/latent_910_f121e0107918a73db5e5.png"],"captions":["Mu Step 900","Mu Step 900","Mu Step 900","Mu Step 900","Mu Step 900"],"_type":"images/separated","width":24,"height":24},"_wandb":{"runtime":40},"step":999,"loss":1.2494120597839355,"_timestamp":1.7395432210541933e+09,"_runtime":40.20742912,"_step":1009}