{"latent":{"_type":"images/separated","width":24,"height":24,"format":"png","count":3,"filenames":["media/images/latent_910_085e9be6b9b7f4ad9798.png","media/images/latent_910_2d6232ee3697f7bcd742.png","media/images/latent_910_a3ee8473e3927bb394f1.png"],"captions":["Mu Step 900","Mu Step 900","Mu Step 900"]},"_wandb":{"runtime":30},"step":999,"loss":0.24901337921619415,"_timestamp":1.7395488430757926e+09,"_runtime":30.523632659,"_step":1009}