{"_wandb":{"runtime":31},"step":999,"loss":7.257196557475254e-05,"_timestamp":1.7395498390436926e+09,"_runtime":31.036686078,"_step":1009,"latent":{"height":24,"format":"png","count":3,"filenames":["media/images/latent_910_0b60e6aecbec756b1c96.png","media/images/latent_910_d926ac6d769ca535fe7e.png","media/images/latent_910_d7364d9cfb2ca58ca863.png"],"captions":["Mu Step 900","Mu Step 900","Mu Step 900"],"_type":"images/separated","width":24}}