{"mgrloss":0.05681280419230461,"_runtime":52.941858287,"_wandb":{"runtime":53},"wmloss":0,"Manager loss":2.160122871398926,"_timestamp":1.7453890586214209e+09,"goalloss":0,"_step":179,"wrkloss":0}