{"goalloss":0,"_step":146,"mgrloss":0.4179084002971649,"wmloss":0,"_runtime":47.664688504,"Manager loss":2.1195738315582275,"wrkloss":0,"_timestamp":1.7453875395359147e+09,"_wandb":{"runtime":48}}