{"_timestamp":1.7395521638118234e+09,"_wandb":{"runtime":14},"loss":0.0002912860654760152,"_step":64,"latent":{"format":"png","count":3,"filenames":["media/images/latent_58_a4958bb21bb0f66f99ae.png","media/images/latent_58_ef7c1e993cf4629d1fe6.png","media/images/latent_58_d116b4e58d76491be5b7.png"],"captions":["Mu Step 8","Mu Step 8","Mu Step 8"],"_type":"images/separated","width":24,"height":24},"recon_loss":9.264230175176635e-05,"kl_loss":0.1986437439918518,"_runtime":14.524425584,"step":59}