{"kl_loss":0.16666936874389648,"loss":0.0017644033068791032,"_wandb":{"runtime":33},"_timestamp":1.7395687106818829e+09,"step":1199,"3D Scatter Plot":{"size":8115,"path":"media/plotly/3D Scatter Plot_1189_3a7e1dbb77d07331790a.plotly.json","_type":"plotly-file","sha256":"3a7e1dbb77d07331790ae6fb6bc77094edd781b92b08f2c2018895cf50f0b418"},"_runtime":33.91647134,"_step":1219,"recon_loss":9.770962788024917e-05}