{"_timestamp":1.7395499461403413e+09,"_runtime":28.600980647,"latent":{"count":3,"filenames":["media/images/latent_910_0b60e6aecbec756b1c96.png","media/images/latent_910_d926ac6d769ca535fe7e.png","media/images/latent_910_d7364d9cfb2ca58ca863.png"],"captions":["Mu Step 900","Mu Step 900","Mu Step 900"],"_type":"images/separated","width":24,"height":24,"format":"png"},"_wandb":{"runtime":28},"_step":1009,"step":999,"loss":0.24901047348976135}