{"_timestamp":1.7395684976368e+09,"step":1199,"recon_loss":9.770978795131668e-05,"_step":1219,"loss":0.0017644035397097468,"_runtime":34.678147622,"3D Scatter Plot":{"size":8115,"path":"media/plotly/3D Scatter Plot_1189_3b1c063e644897504d28.plotly.json","_type":"plotly-file","sha256":"3b1c063e644897504d28efd625675637c95263355e43f0c6266b676492bfc397"},"_wandb":{"runtime":34},"kl_loss":0.16666936874389648}