{"_runtime":15.962101205,"latent":{"width":24,"height":24,"format":"png","count":3,"filenames":["media/images/latent_123_2dcfa541bfeec9bd676f.png","media/images/latent_123_0da12de6faac9027fde3.png","media/images/latent_123_509bbbb58bf8b6c0a7ec.png"],"captions":["Mu Step 18","Mu Step 18","Mu Step 18"],"_type":"images/separated"},"loss":0.00043142976937815547,"_step":129,"_timestamp":1.7395525269402633e+09,"step":119,"_wandb":{"runtime":15},"kl_loss":0.01954743266105652,"recon_loss":0.00023595542006660253}