{"loss":0.001764405402354896,"_wandb":{"runtime":35},"_step":1259,"_timestamp":1.7395692449308667e+09,"recon_loss":9.771173063199967e-05,"step":1199,"sum reconstructed energy":{"width":16,"height":24,"format":"png","count":3,"filenames":["media/images/sum reconstructed energy_1229_7712d0b32f17dd50c738.png","media/images/sum reconstructed energy_1229_e9fdcee6fb1540c7d8a0.png","media/images/sum reconstructed energy_1229_4f3ff60e3577575ec9b4.png"],"captions":["sum map Step 38","sum map Step 38","sum map Step 38"],"_type":"images/separated"},"_runtime":35.295218402,"kl_loss":0.16666936874389648,"sum energy":{"format":"png","count":3,"filenames":["media/images/sum energy_1229_7712d0b32f17dd50c738.png","media/images/sum energy_1229_e9fdcee6fb1540c7d8a0.png","media/images/sum energy_1229_4f3ff60e3577575ec9b4.png"],"captions":["sum rec map Step 38","sum rec map Step 38","sum rec map Step 38"],"_type":"images/separated","width":16,"height":24},"3D Scatter Plot":{"sha256":"f981953f7801b268b35446e9a26d961f075f92b638352ef6b3c232689f6c992c","size":8115,"path":"media/plotly/3D Scatter Plot_1228_f981953f7801b268b354.plotly.json","_type":"plotly-file"}}