{"_step":29,"step":29,"_wandb":{"runtime":14},"loss":0.102286197245121,"recon_loss":0.10026608407497406,"kl_loss":0.20201122760772705,"_timestamp":1.7395674953553245e+09,"_runtime":14.872652877}